recipe_id,n_interactions,n_rated,mean_rating,median_rating,share_rated,bayes_mean,name,positives,wilson_lb,logw_mean,wilson_norm,logw_norm,score_combo_50_50,score_combo_70_30
2886,1613,1401,4.819414703783012,5.0,0.8685678859268444,4.818853124533374,best banana bread,1347,0.95004880134349,34.919816571305,0.9668677298008224,1.0,0.9834338649004112,0.9768074108605755
39087,1448,1359,4.838852097130243,5.0,0.93853591160221,4.838201974409034,creamy cajun chicken pasta,1326,0.9660949241485377,34.9134791023761,0.9831979207412059,0.9998148382813254,0.9915063795112657,0.9881829960032418
67256,1322,1194,4.793132328308208,5.0,0.903177004538578,4.792583397075832,best ever banana cake with cream cheese frosting,1143,0.9442748959753767,33.963663384057284,0.9609916076821924,0.9720640890782596,0.966527848380226,0.9643133521010124
32204,1220,1155,4.78008658008658,5.0,0.9467213114754098,4.779575425080968,whatever floats your boat  brownies,1093,0.931779893070274,33.712617240529575,0.9482754029192083,0.9647292783006852,0.9565023406099468,0.9532115655336514
69173,997,959,4.894681960375391,5.0,0.9618856569709128,4.8934725032094635,kittencal s italian melt in your mouth meatballs,945,0.9756451539765882,33.61145447055691,0.9929172204444059,0.9617736074225828,0.9773454139334943,0.983574136537859
27208,1601,1496,4.589572192513369,5.0,0.9344159900062461,4.58981178753759,to die for crock pot roast,1338,0.8777875240387489,33.555364590524846,0.8933271947868929,0.9601348303802794,0.9267310125835861,0.9133694854649088
22782,1234,1154,4.729636048526863,5.0,0.9351701782820098,4.729342099304507,jo mama s world famous spaghetti,1080,0.9202442543979888,33.35271056333905,0.936535546230686,0.9542138912181244,0.9453747187244053,0.9418390497269176
54257,1305,1182,4.652284263959391,5.0,0.9057471264367816,4.652323077585445,yes  virginia there is a great meatloaf,1093,0.9082465200593762,32.91867423267102,0.9243254132919112,0.9415326593485287,0.93292903632022,0.9294875871088963
89204,1579,1488,4.478494623655914,5.0,0.9423685877137429,4.479107497048843,crock pot chicken with black beans   cream cheese,1306,0.8600607440734009,32.71925487755796,0.8752865936329971,0.9357062275436571,0.9054964105883271,0.8934124838061951
28148,802,779,4.838254172015405,5.0,0.9713216957605985,4.837126904456534,oven fried chicken chimichangas,765,0.9700606083203323,32.21935658958618,0.9872338103153708,0.9211007080213003,0.9541672591683356,0.9673938796271495
82102,855,827,4.761789600967352,5.0,0.9672514619883041,4.761186890737888,kittencal s moist cheddar garlic oven fried chicken breast,787,0.9348070344427718,31.994526967314574,0.9513561344589715,0.9145318648859996,0.9329439996724855,0.9403088535870798
10744,731,674,4.876854599406528,5.0,0.9220246238030095,4.875268767443186,delicious chicken pot pie,665,0.9748183807225205,31.771306550293776,0.9920758106367307,0.9080100378723213,0.950042924254526,0.9668560788074079
107786,685,587,4.943781942078364,5.0,0.8569343065693431,4.941397792388384,beth s melt in your mouth barbecue ribs  oven,580,0.9755912439738638,31.525147534585713,0.99286235606073,0.9008180142226399,0.946840185141685,0.965249053509303
150863,714,671,4.825633383010432,5.0,0.9397759103641457,4.824419368482134,panera s cream cheese potato soup,649,0.950856861420786,31.416119980050606,0.9676900951481319,0.8976325580717535,0.9326613266099426,0.9466728340252184
68955,904,857,4.639439906651108,5.0,0.9480088495575221,4.639567857417544,japanese mum s chicken,795,0.9083353871687228,31.337579812793624,0.9244158536357612,0.895337851380888,0.9098768525083245,0.9156924529592991
63689,720,693,4.789321789321789,5.0,0.9625,4.788406150564359,my family s favorite sloppy joes  pizza joes,671,0.9524015333601448,31.334003516482085,0.9692621127636301,0.895233362794204,0.932247737778917,0.9470534877728021
33671,727,678,4.789085545722714,5.0,0.9325997248968363,4.788151527223898,crock pot whole chicken,645,0.9324338256916869,31.2278123911255,0.9489409122574802,0.8921307785449373,0.9205358454012087,0.9318978721437173
33919,877,827,4.638452237001209,5.0,0.942987457240593,4.638590736891734,creamy burrito casserole,771,0.9130851612472327,31.165821596398857,0.9292497140373127,0.8903195945813757,0.9097846543093442,0.9175706782005315
25885,847,812,4.6317733990147785,5.0,0.9586776859504132,4.631955315904435,banana banana bread,746,0.8978925873858322,31.036268107154328,0.9137881826102626,0.8865344325556612,0.900161307582962,0.9056120575938822
38298,644,572,4.886363636363637,5.0,0.8881987577639752,4.884415066020663,olive garden copycat zuppa toscana,565,0.9749567519155896,31.032737024856118,0.9922166314462758,0.8864312649860127,0.9393239482161442,0.9604810215081969
